,comment
0,3 : 05 DÃ¢n ChÆ¡i XÃ³m 5 : 35 GiÃ u VÃ¬ Báº¡n Sang VÃ¬ Vá»£ 9 : 15 Ala_Ela 13 : 33 ÄÃ¢y LÃ  Rap Viá»‡t
1,"BÃ i "" ÄÃ¢y lÃ  rap viá»‡t "" váº«n hay nháº¥t : >>"
2,Báº¯c Kim_Thang lÃ  bÃ i hÃ¡t mang dáº¥u_áº¥n cá»±c_kÃ¬ Ä‘áº­m_nÃ©t cho Rap Viá»‡t . Cho_dÃ¹ vÃ i nÄƒm sau khi nháº¯c tá»›i Rap Viá»‡t mÃ¹a 1 thÃ¬ ngÆ°á»i_ta sáº½ nhá»› ngay Ä‘áº¿n bÃ i Báº¯c Kim_Thang .
3,thÃ­ch t bÃ i tÃ¬nh_yÃªu báº­n_bá»‹u vÃ  bÃ i giÃ u vÃ¬ báº¡n sang vÃ¬ vá»£
4,BÃ i má»Ÿ_Ä‘áº§u luÃ´n lÃ  Ä‘á»‰nh ...
5,ÄÃ¢y lÃ  rap viá»‡t váº«n cháº¥t_ngáº¥t nháº¥t lÃ£o Äáº¡i_Wowy_â™¥ ï¸
6,BÃ i â€œ Báº¯c_Kim_Thang â€ Ä‘á»™c_nháº¥t Chá»‰ vá»›i cÃ¢u Ä‘áº§u_tiÃªn Ä‘Ã£ Ä‘c 3 giÃ¡m_kháº£o nháº¥n nÃºt
7,Juttatee áº¥p_á»§ bÃ i nÃ y máº¥y nÄƒm rá»“i nay ms gáº·p Ä‘c Ä‘Ãºng ngÆ°á»i Ä‘á»ƒ feat cÃ¹ng . QuÃ¡ Ä‘á»‰nh
8,Nghe bÃ i báº¯c kim thang ná»•i da_gÃ  quÃ¡ cÃ¡c men áº¡ ğŸ¤§
9,MCKKKKKKKKKK â¤
10,Báº¯c Kim_Thang Ä‘á»™c_nháº¥t vÃ´ nhá»‹
11,"Ã´ng JTT lÃ m ná»—i da dá»‹ch luÃ´n Ã¡ chá»i , Ä‘á»‰nh ^ ^"
12,""" ÄÃ¢y LÃ  Rap_Viá»‡t "" Hay nhá»©t :))"
13,4 : 05 ai biáº¿t info Ã¡o anh binz ko nhá»‰
14,"MCK rÃ¡p nhÆ° Ä‘á»c vÄƒn luÃ´n . GhÃª chÆ°a , ghÃª chÆ°a . ğŸ˜‚"
15,"MCK , Tlinh <3"
16,CÃ³ ai nghe mÃ  cá»© phiÃªu phiÃªu nhÆ° tui ko cá»© rap theo ls nhá»
17,Máº¥y BÃ i nÃ y vÃ´ chung_káº¿t lÃ  win máº¹ luÃ´n r :)))
18,NHÆ¯NGC Äá»¨A Tá»I NAY Äá»ŠNH ÄÃ“N GIAO_THá»ªA MÃ€ NGHE Báº®C KIM ThAng ThÃ¬
19,"bÃ i Ä‘Ã¢y lÃ  rap viá»‡t váº«n hay nháº¥t , vÃ¬ cÃ¡c hlv vÃ  bgk Ä‘Æ°á»£c tá»±_do bung háº¿t náº¥c , chá»© ko pháº£i nhÆ°á»ng spotlight cho thÃ­_sinh"
20,Äoáº¡n cá»§a lÃ£o tee váº«n Ä‘á»‰nh
21,"LÃ  1 fan cá»§a rap Ä‘áº·c_biá»‡t lÃ  RAP_VIá»†T thÃ¬ cháº¯c_cháº¯n má»i ngÆ°á»i Ä‘á»u mong anh Tour vÃ  Rap_Viá»‡t up beat táº¥t_cáº£ hoáº·c cÃ¡c bÃ i hit cá»§a Rap Viá»‡t áº¡ , Ä‘Ã³ luÃ´n lÃ  Ä‘iá»u mÃ  má»i ngÆ°á»i luÃ´n mong_chá» â¤"
22,5 : 51 Iced out Ä‘oáº¡n nÃ y nghe giá»‘ng time stop :)))
23,Ad lÃ m vd tá»•ng_há»£p nhá»¯ng láº§n cÆ°á»i c Binz Ä‘Ãª
24,BÃ i má»Ÿ mÃ ng giá» nge láº¡i ná»•i da_gÃ  ... Ä‘á»‰nh vl
25,Nghiá»‡n nháº¥t ' DÃ¢n ChÆ¡i_XÃ³m ' ' =))))))))))
26,binz said : nÃ³ Ä‘Ã£ máº¡nh rá»“i mÃ  máº¥y Ä‘á»©a cÃ²n lÃªn giÃºp nÃ³ ná»¯a . ChÃºng_mÃ y xem anh_em hÆ¡n tháº§y rá»“i ._á»œ - MÃ‚Y - ZINGF
27,MCK Idol tuiii
28,Ä‘Ã¢y lÃ  rap viá»‡t váº«n lÃ  best tá»« trÆ°á»›c Ä‘áº¿n h vÃ  vá» sau_nÃ y vá» giai_Ä‘iá»‡u vÃ  Ã½_nghÄ©a
29,WOWY Bá»Š THIá»‚U_NÄ‚NG Ã€ : ( ( ( (
30,Váº«n lÃ  AKA_NGER_RPT_MCK ğŸ¤˜
31,láº§n Ä‘áº§u xem rÃ¡p viá»‡t khÃ´ng pháº£i chÃª gÃ¬ mÃ  sá»£ xem xong nghiá»‡n
32,MÃ¬nh thÃ¬ u_mÃª giá»ng cá»§a Anh_TÃº thÃ´i ! ğŸ˜„ ğŸ˜„ ğŸ˜„ ğŸ˜„ ğŸ˜„
33,Thiáº¿u bÃ i Chim_sáº» dÃ¢u_tÃ¢y cá»§a Wowy vs Dáº¿_Choáº¯t r
34,BÃ i ' ' ÄÃ¢y lÃ  Rap Viá»‡t ' ' khÃºc cá»§a SUBOI vÃ  JUSTATEE lÃ  Ä‘á»‰nh nhá»©t
35,THE BEST ğŸ‘½ â¤
36,CÃ³ Tlinh yÃªu_dáº¥u cá»§a tuiiii kÃ¬aaaaa
37,DÃ¢n_chÆ¡i xong Ä‘Äƒng 3 vd má»—i vd 12 tr view : v
38,ÄÃ¢y LÃ  Rap Viá»‡t váº«n lÃ m ná»•i da gÃ  hÆ¡n táº¥t_cáº£
39,"Má»Ÿ cho cÃ¡c con nghe giáº£i_trÃ­ khá»i cÄƒng_tháº³ng Ã¡p_lá»±c Ä‘á»ƒ mai cÃ³ tinh_tháº§n thoáº£i_mÃ¡i thi há»c_ká»³ , chÃºc cÃ¡c con thÃ nh_cÃ´ng"
40,05 : 10 QuÃ¡_khá»© cá»§a Em Anh Ä‘Ã£ khÃ´ng ká»‹p tham_dá»± . NhÆ°ng tÆ°Æ¡ng_lai cá»§a Em Anh nháº¥t_Ä‘á»‹nh sáº½ tham_gia . â™£
41,Nghe bÃ i giÃ u vÃ¬ báº¡n cá»§a MCK giá»‘ng bÃ i sicko mode cá»§a Travis scott vÃ£i ğŸ˜…
42,Binz xoa Ä‘áº§u r =)) kk
43,Vá»«a há»c vá»«a nghe rapppp !
44,MCK <3
45,1 : 23
46,Nghe nhá»¯ng bÃ i rap viá»‡t Ä‘Ãºng mÃª luÃ´n ğŸ¤£
47,"anh Æ¡i , mai_má»‘t rap cho e luÃ´n bÃ i con cÃ² bÃ© bÃ© Ä‘c ko"
48,â€œ Coi_chá»«ng ma_da kÃ©o giÃ² â€ Nghe run cáº£ ngÆ°á»i cÃ¡c bÃ¡c áº¡
49,ÄÃ¢y lÃ  Rap Viá»‡t Ä‘áº£m cáº¥p
50,hÃ³ng mÃ¹a hai quÃ¡
51,"thiáº¿u "" Rá»“ng_ráº¯n lÃªn_mÃ¢y "" cá»§a ThÃ nh_Draw ..."
52,"QuÃ¡ Ä‘á»‰nh váº«n lÃ  bÃ i "" Báº¯c Kim_Thang """
53,Äoáº¡n cuá»‘i máº¥y thÃ¡nh rap hay vÃ£i
54,hay vl lunn
55,Báº¯c kim thang nghe Ã¡m_áº£nh vl
56,Äá»‰nh nháº¥t váº«n lÃ  . Ä‘Ã¢y lÃ  rap viá»‡t . Bá»Ÿi cÃ³ a Rhymastic
57,00 : 08
58,5 : 30 thay anh Gia_Huy dancer co tham_gia NgÆ°á»i áº¥y lÃ  ai nháº£y cho JustaTee & MCK
59,18 : 50 Tlinh Ä‘ang biá»ƒu_diá»…n trÃªn sÃ¢n sau 5 s 18 : 55 Tlinh xuá»‘ng lÃ m khÃ¡n_giáº£ rá»“i
60,Rap Viá»‡t nhiá»u tuyá»‡t_pháº©m quÃ¡ .
61,"ÄÃ¢y lÃ  rap viá»‡t "" váº«n hay"
62,2021 ai chá»_Ä‘á»£i rÃ¡p Viá»‡t tiáº¿p nÃ o
63,"05 : 06 Äáº¿n khi nÃ o trÃ¡i_Ä‘áº¥t ngá»«ng quay , mÃ¢y ngá»«ng bay , cÃ´_dÃ¢u 8 tuá»•i ngá»«ng phÃ¡t_sÃ³ng , ThÃ¬ khi Ä‘Ã³ , anh ngá»«ng yÃªu em . â€ ğŸ‘©"
64,Xong Ä‘á»™i Ã´ng karik náº¯m trÃ¹m luÃ´n tiáº¿t_má»¥c ko lÃ  cá»§a há»c_trÃ² thÃ¬ á»•ng r ai chÆ¡i láº¡i trá»i
65,GiÃ u vÃ¬ báº¡n sang vÃ¬ vá»£ vÃ  cáº£ squad ko pháº£i sá»£
66,khi cÃ³ báº¡n thi JTee thÃ¬ má»i bÃ i Ä‘á»u okee
67,BÃ i Ä‘á»‰nh pháº¿t nhá»Ÿ
68,5 : 00 nghe cÃ³ mÃ¹i cá»§a big bang
69,"Ã Ä‘Ã¹ , 4 cÃ¡i nÃ³n vÃ ng trÃªn sÃ¢n_kháº¥u ! ğŸ˜ƒ ğŸ˜ƒ ğŸ˜ƒ ğŸ˜ƒ ğŸ˜ƒ ğŸ˜ƒ"
70,Mck â™¥ ï¸ â™¥ ï¸
71,Giauf vÃ¬ báº¡n sang vÃ¬ vá»£ tháº¥y Binz bá»›t nhá»™t nhá»‹p hÆ¡n báº¯c kim Ä‘Ãºng nhá»Ÿ ?
72,ChÃ¡u tui má»›i nghe cÃ¢u_Ä‘áº§u thÃ¬ khÃ³c_thÃ©t ha ha ha ... chÃ¡u tui sá»£ xanh máº·t bÃ i hÃ¡t nÃ y luÃ´n ğŸ¤£ ğŸ¤£ ğŸ¤£ ğŸ¤£
73,Bum cha ca la ca bumbum ğŸ¤£
74,ğŸ‘ ğŸ‘ ğŸ‘
75,Nghe r tui sá»£ BÄƒc_Kim_Thang
76,nghe kÄ© thÃ¬ trong giÃ u vÃ¬ báº¡n sang vÃ¬ vá»£ thÃ¬ cÃ³ giá»ng cá»§a tlinh
77,"06 : 40 ÄÃ´ng vá» tay anh láº¡nh láº¯m , nhÆ°ng anh váº«n sáºµn_lÃ²ng sÆ°á»Ÿi áº¥m tay em . âš’"
78,MCK : 3
79,Ä‘á»ƒ tÃ³c dÃ i xong dÃ¹ng keo 502 vuá»‘t kiá»ƒu goku :)))))
80,:)
81,Báº­t x2 Ä‘á»ƒ nghe :))
82,Táº¡i_sao k cÃ³ vÃ¬ e so deep : (
83,Tuy idol mk lÃ  ÄEN_VÃ‚U nhÆ°ng mk váº«n thay hay
84,giá»i hÆ¡n chá»¥c triá»‡u luÃ´n r :)))
85,wowwww
86,cÃ i Ã­t qc thoy ad Æ¡i
87,DJ Mie kÃ¬a .
88,ÄÃ¹ mÃ¡ há»“i xÆ°a ngÃ¡o cáº£ vÃ i thÃ¡ng cá»© láº©m_báº©m suá»‘t ngÃ y bÃ¡c kim thang lÃ  bÃ¡c kim thang ğŸ¤£
89,2.0 max ae áº¡
90,King vs Qeen ná»¯a chá»© ... kaido mÃ´
91,Rap má»›i 12 cÃ¢u Ä‘Ã£ Ä‘c nÃ³n vÃ ng r vl
92,Xá»‹n quÃ¡ : > Â¤ â™¡
93,váº«n thjck bÃ i cá»§a nhÃ³m karic
94,Top1 nhe
95,Where is HÃ´ng dÃ¡m_Ä‘Ã¢u . - .
96,BÃ i vá» bethooven trapin
97,giÃ u vÃ¬ báº¡n sang vÃ¬ vá»£ lÃ  sá»‘ 1 ai cÅ©ng thuá»™c
98,1 : 22 cÃ³ ma : C
99,Sá»‘ ngÆ°á»i giá» váº«n xem
100,wowwww
101,cháº¥t nhÆ° nÆ°á»›c_cáº¥t !
102,Freestyle nghe xong cháº¯c nhá»¥c láº¯m nhá»¡ :))
103,KhÃ´ng cÃ³ bÃ i cá»§a tem biz lÃ  thiáº¿u rÃ¹i b Æ¡i
104,Ä‘Ã¢y lÃ  rap viá»‡t vá»›i báº¯c kim thang váº«n hay nháº¥t
105,Äeo tai phone báº­t háº¿t model nghe Ä‘Ã£ tai ğŸ¤© ğŸ¤© ğŸ¤©
106,Báº¯c kim thang :)))
107,Karik nháº£y váº«n cháº¥t nháº¥t trong há»™i RAP_VIET
108,DÃ¢n_chÆ¡i xÃ³m váº«n hay vl
109,QuÃ¡ tr hay lun Ã¡
110,Sao thuá»™c Ä‘Æ°á»£c bÃ i hÃ¡t nhanh hay váº­y trá»i
111,GREAT â¤ ï¸ â¤ ï¸ â¤ ï¸
112,ÄÃºng lÃ  Ä‘á»‰nh_cao cá»§a rÃ¡p viá»‡t
113,Year giÃ u vÃ¬ báº¡n sang vÃ¬ vá»£
114,"ráº¥t hiáº¿m khi mÃ¬nh nghe rap , giá» nghe cÃ¡c báº¡n hÃ¡t hay quÃ¡"
115,binz tÃ´i cÃ¹ng e lÃ m lÃªn lá»‹ch_sá»­ :)
116,3 : 34
117,MCKKKKK
118,Em Xi Kiiiiiiiiiiiiiii
119,Báº¯c kim thang nghe ma_má»‹ vch
120,Báº¯c kim thang . Nghe N láº§n k chÃ¡n ğŸ˜†
121,Äá»‰nh
122,Rap Ä‘á»‰nh nháº¥t
123,"xem mÃ n trÃ¬nh_diá»…n "" GiÃ u vÃ¬ báº¡n sang vÃ¬ vá»£ "" nhÃ¬n Binz nhÆ° kiá»ƒu muá»‘n nÃ³i vá»›i 16 "" bá»‹ loáº¡i mÃ  vui váº­y em """
124,Äá»‰nh
125,Ä‘Ãºng nhÆ° Ä‘am_mÃª cá»§a mÃ¬nh
126,04 : 33 HÃ´m_nay Faceboook chá»‰ cÃ³ 1 like : Ã´i cáº£ tháº¿_giá»›i Ä‘ang bá»_rÆ¡i mÃ¬nh . ğŸš‚
127,Báº¯c kim thang Ä‘Ã£ Ä‘Æ°a tuá»•i_thÆ¡ cá»§a tÃ´i lÃªn má»™t táº§m cao má»›i . Tháº­t_sá»± nghe ná»•i háº¿t cáº£ da gÃ  luÃ´n Ã½ . Y_há»‡t máº¥y bÃ i kinh_dá»‹ ğŸ˜–
128,7 : 24
129,fan ricky
130,Amazing goodchop em
131,2021
132,RPT MCK ğŸ¯ â¤
133,nghe háº¿t_há»“n Ã¡
134,Ko cÃ³ bÃ¬nh gold nhá»‰ ğŸ˜‚ ğŸ˜‚ ğŸ˜‚
135,Tiá»n nhiá»u Ä‘á»ƒ lÃ m j Ä‘Ã¢u + 3 noi Ä‘Äƒng cÅ©ng gáº§n 20 tr view mÃ 
136,CÃ³ bÃ i cÃ´n_Ä‘á»“ trÃªn con Ä‘Ã² lÃ  beat luÃ´n
137,BÃ i nÃ y lÃ  bÃ i hay nháº¥t ğŸ¤¤
138,"0 : 23 , editer bá»‹ lá»—i r . báº¡n chÆ°a thi nhÆ°ng Ä‘Ã£ cÃ³ 4 nÃ³n :))"
139,DÃ¢n chá»›i xÃ³m quÃ¡ cháº¥t mÃ  cháº¥t kÃ©o_dÃ i
140,Love Rap Viá»‡t
141,báº­t 1.25 ik pheeeeeeeeeeeeeeeeeeeee
142,Cho mÃ¬nh há»i ngu cÃ¡i . KhÃºc nÃ³i Ä‘áº§u_tiÃªn cá»§a bÃ i Ä‘Ã¢y lÃ  ráº¡p viá»‡t cÃ³ pháº£i a Æ°Æ¡y Ä‘á»c ko ?
143,BINZ VÃ€ SUBOI_RAP HAY NHáº¤T
144,Hay . Sao Ä‘á»i tui k cÃ³ ham_muá»‘n gÃ¬ vÆ¡i RÃP luÃ´n áº¥y tar
145,nghe Ä‘áº¿n thuá»™c lá»i láº«n nhá»‹p ko sai tÃ½ nÃ o luÃ´n
146,Káº¿t nháº¥t Ä‘oáº¡n cá»§a suboi 14 : 39 vÃ  justa tee 15 : 57
147,Good MCK
148,?
149,"ThÃ­ch nháº¥t lÃ  bÃ i "" GiÃ u vÃ¬ báº¡n , sang vÃ¬ vá»£ "" MCK â¤ â¤ â¤"
150,0 : 33 x .
151,3 : 04 5 : 36 9 : 18
152,má»›i cÃ³ cÃ¢u báº¯c kim thang Ä‘Ã£ cÃ³ 3 ngÆ°á»i chá»n rá»“i
153,K cÃ³ GD vs Dáº¿ choáº¯t Ã 
154,1 : 12
155,"tiá»n nhiá»u Ä‘á»ƒ lÃ m gÃ¬ dc 9,8 triá»‡u rá»“i Ä‘Ã³"
156,"cÃ³ ai biáº¿t chá»‹ 10 p12 tÃªn gÃ¬ hem kkk , xinh xÄ©u"
157,ğŸ‘ ğŸ‘ ğŸ‘ ğŸ¤˜ ğŸ¤˜ ğŸ¤˜ ğŸ¤˜
158,Ä‘Ã¢y lÃ  loáº¡t bÃ i hÃ¡t chá»¥c triá»‡u view nhÆ°ng vid tá»•ng_há»£p chá»‰ cÃ³ máº¥y trÄƒm_ngÃ n view : Ä
159,"Hay quÃ¡ , quáº©y tÃ© gháº¿ luÃ´n"
160,Su Boy_Rap nhÆ° nháº¡c lun hay quÃ¡
161,Like Ä‘áº­m nha ğŸ¥° ğŸ¥° ğŸ¥° ğŸ¥° ğŸ˜Š ğŸ˜Š ğŸ˜Š ğŸ˜Š
162,ala ela váº«n hay
163,Cá»¥ quay_phim quÃ¡ áº£o_diá»‡u .
164,sao xem video giá» nÃ³ cá»© hiá»‡n cÃ¡i chá»¯ lÃªn mÃ n_hÃ¬nh lÃ m gÃ¬ ko bÃ­t
165,Ä‘á»‰nh cá»§a chÃ³p áº¡
166,ÄÃºng lÃ  bÃ i nÃ o hay auto viral
167,ko hiá»ƒu j vá» rap nhÆ°ng nghe bÃ¡c kim thang cuá»‘n vl
168,Máº¥y bÃ i cá»§a GDucky cÅ©ng hay mÃ  sao ko cÃ³ nhá»‰
169,ğŸ‘ ğŸ» ğŸ‘ ğŸ» ğŸ‘ ğŸ» ğŸ‘ ğŸ» ğŸ‘ ğŸ» ğŸ‘ ğŸ» ğŸ‘ ğŸ»
170,Cháº¿t_Ä‘á»©ng cÃ²n hÆ¡n sá»‘ng quá»³ .
171,Thiáº¿u bÃ i Há»•ng dÃ¡m_Ä‘Ã¢u cá»§a Yuno_Bigboi
172,Náº¿u xáº¿p háº¡nh thÃ¬ gdoggy 1 mck 2 báº¡n cÃ³_thá»ƒ nháº­n ra 1 cÃ¡ch dá»… dÃ nh qua cÃ¡c clip
173,há»™i sá»£ vá»£ let go
174,Mck
175,53 : 31 Náº¿u Ä‘Æ°á»£c tag tÃªn mÃ¬nh vÃ o thÃ¬ tá»« nay cáº¥m Ä‘i tháº£ thÃ­nh lung_tung nhÃ¡ . ğŸ”¸
176,Karik Ko báº¥m sá»›m vÃ¬ richkistart Ä‘Ã£ tá»«ng diss karik
177,mÃ  tháº¥y kiá»ƒu rap love wowy ko hay chá»n mÃ  lÄƒng ld vs linh thÃ¬ chá»n : ?
178,9.8
179,thá» nghe karik rap xong muá»‘n táº¯c thá»Ÿ cmn luÃ´n
180,DÃ¢n_chÆ¡i xÃ³m lÃ  Ä‘áº³ng_cáº¥p
181,"QuÄƒng nÃ³n vÃ ng chi nÃªn Ricky chá»n sai HLV , Ä‘Ã¡ng_láº½ tá»« Ä‘áº§u pháº£i Ä‘á»™i nÃ³n cá»§a Karik"
182,ÄÃ¢y lÃ  rap viá»‡t ai thik cho 1 like ik áº¡ ğŸ¥°
183,O may zing gut chop em
184,ThÃ­ch nháº¥t rhymastic
185,I love you ğŸ˜˜ ğŸ˜˜ ğŸ˜˜ ricky star
186,hiá»‡u_á»©ng Ä‘au cáº£ Ä‘áº§u
187,"23 : 52 ÄÃ´ng_láº¡nh nÃ y yÃªu em lÃ  há»£p_lÃ½ , mÃ  anh bá»_phÃ­ thÃ¬ lÃ  anh ... ngu ."
188,ÄÃ¢y gá»i lÃ  rap
189,Mck 2 bÃ i luÃ´n
190,QuÃ¡ lÃ  hay Ä‘áº¿n tá»« vá»‹_trÃ­ cá»§a ráº¡p Viá»‡t
191,Ko cÃ³ chÃº bÃ© loáº¯t_choáº¯t Ã 
192,GDucky dÃ¹ chÆ°a cÃ³ video láº» nÃ o chá»¥c triá»‡u nhÆ°ng náº¿u gom táº¥t_cáº£ video cá»§a cÃ¡c kÃªnh láº¡i thÃ¬ báº£n rap nÃ o cÅ©ng Ä‘Æ°á»£c trÃªn_dÆ°á»›i gáº§n 20 tr view vÃ  áº¥n_tÆ°á»£ng â¤
193,0 : 24 dáº¡o nháº¡c 4 nÃ³n trÃªn sÃ n . VÃ o nháº¡c váº«n quÄƒng nÃ³n ? ? Xem tá»« Ä‘áº§u giá» xem_láº¡i tháº¥y kÃ¬
194,thÃ­ch karick nháº¥t luÃ´n
195,MÃ n táº¥u há»£p siÃªu cháº¥t
196,ai 2021 van con xem diem danh
197,MCK
198,""" ÄÃ¢y lÃ  Rap Viá»‡t Ä‘á»‰nh nháº¥t "" . Ok ğŸ‘Œ"
199,"0 : 00 Báº¯c_Kim_thang - Ricky_Star 3 : 04 DÃ¢n ChÆ¡i_XÃ³m - MCK-Justatee 5 : 36 GiÃ u vÃ¬ báº¡n , sang vÃ¬ vá»£ - MCK 9 : 16 Ala_Ela - Karik-Ricky_Star-Gducky"
200,Ã”_hay tháº¿ Ã 
201,ÄÃ¢y lÃ  best Elando VN
202,Superb .
203,CÃI BÃ€I GIá»˜NG CA VÃ€NG TRONG XÃ“M ÄI_VÃ€O HAY ÄÃ“
204,"0326 trong cÃ¢u "" 0326 anh cÃ³ vá»£ rá»“i "" trong bÃ i giÃ u vÃ¬ báº¡n , sang vÃ¬ vá»£ cá»§a anh MCK cÃ³ nghÄ©a lÃ  sao záº­y mn .. ? ? ? ?"
205,MÃ¡ cÃ¡i nháº¡c BÃC KIM_THANG Ã¡nh áº£m V.L
206,"da mÃ¬nh thuá»™c da ngÄƒm cÅ©ng má»™t khoáº£ng thá»i guan khÃ¡ tá»±_ti vá» nÃ³ nÃªn than_vÃ£n vá»›i mn hoÃ i lÃ  sao e cÅ©ng dÃ¹ng sá»¯a dÆ°á»¡ng , má»™t_sá»‘ cÃ¡ch trÃªn video , sá»­_dá»¥ng cÃ¡c sp lÃ m tráº¯ng phÃ¹_há»£p vá»›i sv nhÆ°ng váº«n k tráº¯ng ._B báº£o m thá»­ dÃ¹ng Thuá»‘c_nam xem sao t dÃ¹ng tháº¥y khÃ¡ oke , mÃ¬nh nghÄ© thá»­ thÃªm má»™t sp ná»¯a cháº¯c cÅ©ng k áº£nh_hÆ°á»Ÿng gÃ¬ vÃ¬ nÃ³ cÃ³ nguyÃªn_liá»‡u tá»±_nhiÃªn . Sau má»™t_vÃ i thÃ¡ng sá»­_dá»¥ng mÃ¬nh tháº¥y da Ä‘Ã£ khÃ¡ hÆ¡n ráº¥t nhiá»u : tráº¯ng Ä‘á»u hÆ¡n , má»¥n nhá» cÅ©ng k tháº¥y ná»¯a , lá»— chÃ¢n_lÃ´ng cÅ©ng khÃ­t láº¡i hÆ¡n trÆ°á»›c kha_khÃ¡ . vÃ  mÃ¬nh cÅ©ng ngÆ°ng k dÃ¹ng má»™t thá»i_gian cÅ©ng k tháº¥y bá»‹ Ä‘en Ä‘i nhÆ°ng bÃªn c áº¥y tÆ°_váº¥n nhiá»‡t_tÃ¬nh quÃ¡ nÃªn mÃ¬nh dÃ¹ng thÃªm sp dÆ°á»¡ng da bÃªn Ä‘Ã³ ná»¯a . VÃ  Ä‘áº·c_biá»‡t khÃ¡ch bÃªn c áº¥y khÃ¡ Ä‘Ã´ng nÃªn Ä‘á»™ tin váº­y ráº¥t cao . náº¿u cáº§n thÃ¬ mn liÃªn_há»‡ sÄ‘t 0973564326 Ä‘á»ƒ Ä‘Æ°á»£c tÆ°_váº¥n thÃªm vá» sp nha :)))"
207,"MÃ¬nh Ä‘ang kiáº¿m láº¡i táº­p 1,2 nhÆ°ng bá»‹ xÃ³a máº¥t_tiÃªu ğŸ˜¢ ğŸ˜¢ ğŸ˜¢"
208,MCK .
209,Mck no1 .
210,Tháº¥y bth cÃ³ gÃ¬ máº¥y men lÃ m lá»‘ ; ) )
211,Cho 2 x speed cho nÃ³ hay hÆ¡n 2 x speed = Äá»ˆNH Cá»¦A THáº¦N JESUS
212,Queen Latifah
213,Rap hay quÃ¡
214,"Vs mÃ¬nh giÃ u vÃ¬ báº¡n sang vÃ¬ vk , vs vÃ¬ em so Ä‘áº¹p"
215,Ä‘Ã¹ nhá»©c nÃ¡ch
216,Khi cÃ¡c huáº¥n_luyá»‡n_viÃªn cáº¥t giá»ng nghe lÃ  nghiá»‡n liá»n . 1 ng 1 cháº¥t riÃªng
217,ğŸ¹ ğŸ¹ ğŸ¹ ğŸ¹ ğŸ¹ ğŸ¹
218,mck bÃ i nÃ o cÅ©ng hot
219,22 triá»‡u
220,sao nghe kÄ© bÃ i GiÃ u vÃ¬ báº¡n sang vÃ¬ vá»£ cá»§a MCK cÃ³ Ä‘oáº¡n giá»ng TLinh ? ?
221,Ok Ä‘áº¥y
222,GiÃ u vÃ¬ báº¡n sang vÃ¬ vá»£ ğŸ‘Œ ğŸ‘Œ ğŸ‘Œ
223,"CÃ³_thá»ƒ báº¡n k Ä‘á»ƒ_Ã½ , trá»« bÃ i cuá»‘i thÃ¬ all bÃ i Ä‘á»u cÃ³_máº·t cá»§a team Karik : v :))"
224,CÃ¡i gÃ¬ Ä‘Ã¢y ?
225,PhÃºt thá»© 7.33 cÃ³ Ã´ng bá»‹ gÃ£y há»a mi hay sao mÃ  vá»‹nh vÃ o chim rÃ¹i nháº£y
226,Hay ghÃª
227,mÃ¬nh nghe cá»© nhÆ° Ä‘Ã¡nh chá»­i_lá»™n
228,Theo mÃ¬nh tháº¥y máº¥y bÃ i nÃ y bÃ i nÃ o cÅ©ng ráº¥t ok
229,BÃ i Ä‘Ãºng cháº¥t ğŸ˜ ğŸ˜ ğŸ˜
230,dinh qua ae oi
231,Ai lá»›p diuu MCK ğŸ˜» âœ¨
232,alo
233,12 h Ä‘Ãªm nghe rap Báº¯c kim thang
234,Äa_sá»‘ lÃ  cá»§a Ricky star vÃ  mck
235,thiáº¿u bÃ i tiá»n nhiá»u Ä‘áº» lÃ m j
236,GiÃ u vÃ¬ báº¡n sang vÃ¬ vá»£ MCK ğŸ˜ ğŸ˜
237,Xem láº¡i váº«n hay
238,MCK lÃ  ngÆ°á»i rap hay nháº¥t
239,ğŸ˜„ ğŸ˜„ ğŸ˜„
240,"Äang nghe rap phÃª , quáº£ng_cÃ¡o ...."
241,BÃ¢y_giá» bá»n nÃ³ chá»­i chá»© hÃ¡t gÃ¬ ğŸ¤ ğŸ¤ ğŸ¤ ğŸ¤ ğŸ¤ ğŸ¤ ğŸ™ ğŸ™ ğŸ™ ğŸ™ ğŸ¤£ ğŸ¤£ ğŸ¤£ ğŸ¤£ ğŸ¤£ ğŸ¤£ ğŸ¤£ ğŸ¤£ ğŸ¤£ ğŸ¤£ tháº±ng nÃ o nghe Ä‘Æ°á»£c nÃ³ hÃ¡t gÃ¬ tÃ´i cháº¿t liá»n ğŸ‘» ğŸ‘» ğŸ‘» ğŸ‘» ğŸ‘» ğŸ˜‚ ğŸ˜‚ ğŸ˜‚ ğŸ˜‚ ğŸ˜‚
242,06 : 41 Em váº«n xinh_tÆ°Æ¡i nhÆ°ng KHÃ”NG thuá»™c vá» ai ğŸ–
243,Moi dau nghe co ve hay nhug ve sau Ricky chi co mot mÃ u
244,Tuyá»‡t_vá»i
245,Iu Ricky_Star vÃ¬ bÃ i hÃ¡t_báº¯c kim thang Ä‘á»ƒ in_áº¥n vÃ o rap viá»‡t nghe nÃ³ ráº¥tÄ‘Äƒc biá»‡t â¤ â¤ â¤ â¤ â¤
246,"day la rap viet , dinh that su"
247,Ricky star da best G
248,"ChÃº bÃ© loáº¯t_choáº¯t 6,7 M TrÃ¡i_Ä‘áº¥t nÃ y 140K PhiÃªu_lÆ°u kÃ½ 4,6 M Chim_sáº» dÃ¢u_tÃ¢y 4,5 M"
249,sao cu nhai di_nhai lai quai z bao nhieu cai video noi dung giong nhau roi
250,ban rap nghe thu vii
251,Cá»© 10 Ã´ng thÃ¬ 5 Ã´ng báº£o nhÃ­_nhá»‘ .
252,Ala ela maÃº nháº¥t
253,amzing good chÃ³p boy
254,ğŸ¥° ğŸ¥° ğŸ¥° ğŸ¥° ğŸ¥° ğŸ¥° ğŸ¥° ğŸ¥° ğŸ¥° ğŸ¥° ğŸ¥° ğŸ¥° ğŸ¥°
255,"Ã­t ngÆ°á»i viáº¿t vÃ  hiá»ƒu Ä‘Æ°á»£c cÃ¢u tá»« Báº¯c Kim_Thang nÃ y . ngÆ°á»i Ä‘Ã³ thuá»™c tháº¿_giá»›i tÃ¢m_linh hoáº·c trá»±c_tiáº¿p vá»›i tÃ¢m_linh thÃ¬ má»›i rÃµ Ä‘Æ°á»£c , !"
256,tÃ´i thÃ­ch 1 : 35 nháº¥t
257,Quá»³ ._RÃ¡p nhÆ° sá»‹t váº«n Ä‘c 4 nÃ³n
258,Amayzing gÃºt chÃ³p
259,Mck
260,"05 : 10 ÄÃ³ lÃ  anh yÃªu báº£n_thÃ¢n anh , cÃ²n em thÃ¬ cÅ©ng yÃªu anh"
261,hay nhá»©t lÃ¡ch
262,FAN TLINH_ÄÃ‚U ! ! ! : 3
263,"04 : 30 Cáº§n tin nháº¯n má»—i ngÃ y , cáº§n nhá»¯ng há»i_han quan_tÃ¢m tá»« ai Ä‘Ã³ Ä‘á»ƒ tÃ´i biáº¿t mÃ¬nh Ä‘ang Ä‘Æ°á»£c yÃªu_thÆ°Æ¡ng . ğŸ“³"
264,Nghe bÃ i báº¯c kim thang ma_má»‹ quÃ¡ má»i ngÆ°á»i áº¡
265,Nháº¡c nÃ o cx hay
266,Cháº¥t giá»ng cá»§a Tlinh vá»«a cute vá»«a cool
267,L0p
268,Hay vÃ£i chÆ°á»Ÿng
269,Con_trai thÃ­ch yÃªu sá»›m mÃ  sao con_gÃ¡i láº¡i thÃ­ch yÃªu muá»™n nhá»
270,Ko bt bj lai giÃ³ng gi
271,ToÃ n lÃ  team Karik ...
272,ÄÃ´i kritch hay nháº¥t
273,Ai á»Ÿ an_giang
274,Rap mck hay tá»« ver Ä‘áº§u Ä‘áº¿n ver cuá»‘i
275,01 : 00 Em váº«n xinh_tÆ°Æ¡i nhÆ°ng KHÃ”NG thuá»™c vá» ai ğŸ›
276,MCBAO
277,ma_má»‹ quÃ¡
278,Amazing
279,MCK
280,hÃ³i háº­n khi nghe cháº£ hieu j het
281,Táº¥t_cáº£ Ä‘á»u liÃªn_quan tá»›i Karik hoáº·c team Karik =)))
282,MÃ¬nh tháº¥y bÃ i nay hay hÆ¡n táº¥t_cáº£ bÃ i thi grap
283,Báº­t x2 phÃª láº¯m ae Ã  !
284,Æ  mÃ¢y zing GÃšT_CHÃ“P ah
285,minh thich bai con nha nguoi ta cua RichKy_Tas
286,g.ducky hay nháº¥t
287,Giá»ng miá»n nam rap nghe váº«n hay hÆ¡n
288,Äi dÃ©p Ä‘eo balo
289,> <
290,RPT.HS.MCK aka NGERRRRR â¤ â¤ â¤
291,BÃ i Ä‘áº§u_tiÃªn cá»§a rap viá»‡t váº«n lÃ  hay nháº¥t
292,vÃ£i con gÃ  Ä‘en
293,khazix
294,Jtee is the best
295,Ala Ela hay nháº¥t
296,Anh binz bá»‹ Ä‘iÃªn Ã  ? Tá»±_nhiÃªn anh Ricky star Ä‘ang hÃ¡t thÃ¬ anh binz nÃ©m mÅ© rá»“i cÃ²n quáº©y nhÆ° Ä‘iÃªn áº¥y
297,BÃ³_tay
298,Thiáº¿u Yuno ad Æ¡i
299,BÃ i nÃ o cÅ©ng hay háº¿t
300,hay quas
301,MCK
302,MCK
303,MCK
304,Amezing godjob
305,Toi thÃ¡ng nÃ³ há»‘t tiá»n YouTube
306,BÃ i thá»© 2 hay
307,Æ  ! hay nhÆ°ng cÃ¡i nÃ y chiáº¿u rá»“i mÃ 
308,MCKKKK
309,TÃ´i k tháº¥y quÃ¡n_quÃ¢n Ä‘Ã¢u cáº£ : ( (
310,"bat x1 , 25 ] ] ] ]"
311,"nháº¡c nÃ y lÃ  loáº¡i nháº¡c gÃ¬ , lÃ  loáº¡i cho ngÆ°á»i bÃ¬nh_thÆ°á»ng nghe ah ?"
312,hÃ¬nh_nhÆ° thiáº¿u Nhiá»u tiá»n Ä‘á»ƒ lÃ m gÃ¬ cá»§a Vá»‹t r :))
313,tui thich bai giau vi ban sang vi vo
314,hay quÃ¡
315,VÃ´_nghÄ©a
316,Hay chá»— LÃ o
317,Tuyet Voi
318,ricky star lÃ  tuyá»‡t nháº¥t ! ! ! ! ! ! ! !
319,ChÃ¡n ko cÃ³ dáº¿ choáº¯t
320,very great
321,Tlinh giá»ng hay quÃ¡
322,Báº¯c kim thang ; ) ) ) )
323,clip tuyá»ƒn_táº­p cÃ¡c báº£n rap chá»¥c triá»‡u view mÃ  lÆ°á»£t view chÆ°a Ä‘Æ°á»£c 2 triá»‡u
324,ccc
325,oh ricky star .....
326,"MÃ¬nh thÃ­ch "" tiá»n nhiá»u Ä‘á»ƒ lÃ m gÃ¬ "" nháº¥t"
327,tUI THáº¤Y BÃ€I DÃ¢n_chÆ¡i xÃ³m hay nháº¥t
328,"Nháº¡c Rap nghe tháº¥y nháº¡c cá»§a anh BinZ nghe nÃ³ sÃ¢u_láº¯ng , tÃ¬nh_cáº£m chá»© cá»§a máº¥y Ã´ng kia cá»© nhÆ° kÃªu chá»£ nghe khÃ´ng vÃ o láº¯m"
329,BÃ i_hÃ¡t ráº¥t hay
330,Äá»‰nh cá»§a chÃ³p hay hÆ¡n
331,Hay quÃ¡
332,4 : 10 ...
333,"Ricky_Star , Ricky_Star"
334,Con kia lÃ  con nÃ o ? ?
335,01 : 01 GiÃ¡ cÃ³ em ngÆ°á»i_yÃªu Ä‘á»ƒ cÃ¹ng Ä‘i du_lá»‹ch nhá»‰ ? ğŸ­
336,Hay tháº­t
337,"Gducky vá»›i Yuno cÅ©ng cÃ³ bÃ i máº¥p_mÃ© 10 tr . Gducky Mck_Yuno_Ricky toÃ n máº¥y Ã´ng Karik liá»u_máº¡ng lÃ´i vá» , Ricky lá»t vá» Binz rá»“i váº«n trÃ´i tuá»™t vá» láº¡i vÃ o vÃ²ng_tay Karik , ta nÃ³i Ä‘á»‹nh_má»‡nh cáº£"
338,BÃ i nÃ o cá»§a Tlinh cÅ©ng hay
339,Tui nghe mÃ  ná»•i da_gÃ  luÃ´n ğŸ˜¨
340,á»§a sao kh cÃ³ bÃ i riÃªng cá»§a QuÃ¡n_QuÃ¢n vÃ  Ã_QuÃ¢n trá»i ?
341,Báº¯c kim thang hay quÃ¡
342,Qua tuyá»‡t_vá»i
343,Ale ele
344,Váº«n lÃ  Báº¯c Kim_ThÄƒng Ä‘á»™c_nháº¥t vÃ´ nhá»‹
345,Binz ngÃ¡o .
346,11 : 28 phÃª
347,05 : 24 Cáº§n láº¯m má»™t vÃ²ng_tay â€¦ ğŸ“
348,Ricky star
349,MCK VS_GDUCKY
350,á»
351,du nhac nac
352,Elon Musk
353,bat toc do 1.25
354,"Trong táº¥t_cáº£ nhá»¯ng bÃ i trÃªn 10 tr view thÃ¬ MCK chiáº¿m háº¿t 2 bÃ i rá»“i , view kinh thá»±c_sá»± , tiáº¿c lÃ  thua Ricky_Star"
355,Tháº¥y quÃ¡ bÃ¬nh_thÆ°á»ng theo qÄ‘ cÃ¡_nhÃ¢n
356,Rosanne Boyland
357,Nghe phiÃªu quÃ¡
358,vJohn Fetterman
359,Bray ? ? ? ? ?
360,"Äáº§u_tÆ° vá»‘n tháº¥p lá»£i_nhuáº­n hÃ ng ngÃ y . , ib zalo 0569453749 Â° Â°"
361,MCK luÃ´n_luÃ´n vÃ´ Ä‘á»‹chhhhhhhhhhhhhhhhhh
362,if you want God to forgive you dont commet here just go to the church and pray . ğŸ’‹ ğŸ’ ğŸ’–
363,Báº¯c kim thang ! ! !
364,Cháº£ ra cÃ¡i Ã½_nghÄ©a con_máº¹ gÃ¬
365,kkkkkkkkkkkkkkkkkkkkkkkkkkkkkkkkkkkkkkkkkkkkkkkkkkkkkkkkkkkkkkkkkkkkkkkkkkkkkkkkkkkkkkkkkkkkkkkkkkkkkkkkkkkkkkkk
366,Táº¡t ca nghe rÃ¡p an buoi tao
367,Ricky star
368,GDucky
369,LÅ© . M r
370,T Ä‘ nge ná»•i bÃ i báº¯c kim thang
371,MCKMCK IS_DA_BEST
372,hay qua
373,chat
374,Que Dios nos perdone .
375,MCK hay
376,ChÃº bÃ© loáº¯t_choáº¯t
377,Buck foy ? ? ? ? ? ? ?
378,Gducky
379,MCK is the best
380,VÃ¢n ko hay báº±ng uno váº«n lÃ  huyá»n_thoáº¡i nháº¥t
381,Mckmck
382,"ChÄƒm_chá»‰ niá»‡m_Pháº­t "" Nam_MÃ´ A_Di_ÄÃ _Pháº­t , Nam_MÃ´ Bá»•n SÆ° ThÃ­ch_Ca MÃ¢u Ni_Pháº­t , Tá»« xÆ°a Ä‘áº¿n nay con Ä‘Ã£ ra ráº¥t nhiá»u Ã¡c_nghiá»‡p bá»Ÿi muÃ´n_thuá»Ÿ tham sÃ¢n_si tá»« thÃ¢n miá»‡ng Ã½ mÃ  phÃ¡t_sinh . HÃ´m_nay con xin thÃ nh_tÃ¢m sÃ¡m_há»‘i , xin hÃ£y má»Ÿ Ä‘Æ°á»ng chá»‰ lá»‘i cho con . "" ChÄƒm_chá»‰ há»c_táº­p . chÄƒm_chá»‰ lao_Ä‘á»™ng lo cho cuá»™c_sá»‘ng lao Ä‘á»“ng , sau Ä‘Ã³ lÃ m nhiá»u viá»‡c thiá»‡n sau Ä‘Ã³ há»c Pháº­t_phÃ¡p tÃ¬m Ä‘áº¿n cuá»™c_sá»‘ng giÃ¡c_ngá»™ giáº£i_thoÃ¡t ."
383,BÃ i Ä‘áº§u_tiÃªn váº«n hay nháº¥t
384,Chá»‹ á»Ÿ trÃªn giá»‘ng mie váº­y . _ .
385,"phÃ­ 20 p cuá»™c_Ä‘á»i ngá»“i xem vÃ  nghe , , , , cháº£ hiá»ƒu gÃ¬ ! > < .... cháº¯c mÃ¬nh Ä‘Ã£ giÃ  !"
386,Binz
387,Suboi mÃºa kiá»ƒu chÃ¡n vcl
388,Qua hay
389,Rick
390,cc
391,bÃ i ÄI_ÄÆ¯á»œNG QUYá»€N Ä‘Ã¢u
392,hay
393,Woow woow ğŸ˜ ğŸ’‹ ğŸ’ ğŸ’– â¤ ï¸
394,n
395,váº«n tháº¥y wowy rap dá»Ÿ_dá»Ÿ sao sao Ã¡
396,CÅ©ng Ä‘áº§u nÄƒm má»›i rÃ´iÃ¬ má»i ngÆ°á»i áº¡ . E cÅ©ng xin giÆ°á»›i thiá»‡u sÆ¡ qua vá» cuá»™c_Ä‘á»i cá»§a em chÃºt áº¡ . em lÃ  Má»¹_Lá»‡ nÄƒm nay cÅ©ng 45 tuá»•i rá»“i . bÃ¢y_giá» em Ä‘ang lÃ m_viá»‡c táº¡i hÃ n quá»‘c áº¡ . cÅ©ng cháº£ may may gÃ¬ nhiá»u táº§m 1 nÄƒm trÆ°á»›c em nÃ³i_tháº³ng lÃ  em cÃ³ lÃ m_Äƒn thua_lá»— gáº§n 500 tr . cÃ¡i cáº£nh_xa thÆ°Æ¡ng cáº§u_thá»±c thÃ¬ cháº¯c má»i ngÆ°á»i cÅ©ng hiá»ƒu . cÃ²n tiá»n Äƒn_tiá»n nhÃ  rá»“i tiá»n nuÃ´i con_cÃ¡i Ä‘á»§ thá»© . em thÃ¬ lÃ  con_gÃ¡i mÃ  vá»¡_ná»£ . nÃªn cÅ©ng cÃ³ chÆ¡i lÃ´ Ä‘á» nhÆ°ng k ngá» cá»© mua sá»‘ rá»“i láº¡i thÃªm ná»£ thÃªm ná»±a . Ä‘i vay_mÆ°á»£n báº¡n_bÃ¨ cÃ¡c thá»© rá»“i cÅ©ng vá»¡ thÃªm 300 tr ná»±a tá»•ng_sá»‘ ná»£ lÃªn Ä‘áº¿n 800 tr . lÃºc áº¥y em chá»‰ nghÄ© Ä‘áº¿n cÃ¡i cháº¿t thÃ´i . nhÆ°ng tÃ¬nh_cá» biáº¿t Ä‘c zalo 0705455062 lÃºc Ä‘áº§u thÃ¬ em cÅ©ng chá»‰ vÃ o thá»­ sá»‘ k dÃ¡m mua Ä‘Ã¢u nhÆ°ng ng ta nÃ³i sá»‘ cÃ³ cÄƒcn cá»© vá»›i cÃ¡c kiá»ƒu em cÅ©ng thá»­ váº­n may cá»§a mÃ¬nh 1 láº§n ná»¯a xem sao . náº¿u k Ä‘c thÃ¬ chá»‰ cÃ³ tÃ¬m Ä‘áº¿n cÃ¡i cháº¿t . k ngá» lÃ  láº§n láº¥y Ä‘áº§u_tiÃªn a áº¥y cho song thá»§ Ä‘á» Äƒn Ä‘c tháº­t cÃ¡c bÃ¡c áº¡ . Ä‘Ãºng em xem ngta nhÆ° Ã¢n_nhÃ¢n cá»©u máº¡ng cá»§a em luÃ´n Ã½ . bÃ¡c áº¥y Ä‘Ã£ giÃºp Ä‘Æ°á»£c em gá»¡ sáº¡ch_ná»£ vÃ  hiá»‡n_táº¡i cÃ³ dÆ° thÃªm 300 tr Ä‘á»ƒ sinh_sá»‘ng . Ä‘Ãºng bÃ¢y_giá» k biáº¿t nÃ³i gÃ¬ hÆ¡n chá»‰ biáº¿t cÃ¡ch Ä‘i quáº£ng_cÃ¡o Ä‘á»ƒ nhá»¯ng ngÆ°á»i cÃ³ hoÃ n_cáº£nh nhÆ° em trÆ°á»›c_kia Ä‘Æ°á»£c bÃ¡c áº¥y giÃºp gá»¡ ná»£ áº¡ . zalo bÃ¡c Ã½ lÃ  0705455062 chÃºc má»i ngÆ°á»i gá»¡ Ä‘Æ°á»£c ná»£ vÃ  Äƒn 1 cÃ¡i táº¿t ngon_lÃ nh áº¡ . em cáº£m_Æ¡n má»i ngÆ°á»i nhiá»u áº¡
397,hay
398,tao khong hieu nos hay con cat gi luon
399,MÃ¬nh thÃ­ch bÃ i thá»© 2
400,Mik ko thÃ­ch báº¯c kim thang tÃ½ nÃ o nghe nÃ³ kÃ¬ kÃ¬ . DÃ¢n_chÆ¡i xÃ³m hay hÆ¡n
401,"MCK , GDucky , Dáº¿_Choáº¯t is the best"
402,Hay
403,MCK
404,Bon bá»‡nh_hoáº¡n Viá»‡t nam
405,Warriors
406,Nghe nháº¡c nhÆ° cáº¯n vÃ o Ä‘Ã­t cháº£ hiá»ƒu j
407,Sh .... it
408,QuÃ¡n_quÃ¢n khÃ´ng dÃ­nh bÃ i nÃ o ğŸ˜ ğŸ˜
409,cÃ³ ai Ä‘Ã©o thÃ­ch rap nhÆ° tao ko ?
410,Nhac nghe nhÆ° Ä‘áº¥m vÃ o tai .
411,Hay quÃ¡ nhÆ°ng cÆ¡n máº¡nh hÆ¡n ğŸ˜€ ğŸ˜€ ğŸ˜² ğŸ˜² ğŸ‘ ğŸ‘ ğŸ‘ ğŸ˜± ğŸ’‹ ğŸ’• ğŸ’• ğŸ’¯ ğŸ˜ƒ
412,Äá»c kinh Ã  báº¡n . cá»¯a chÃ¹a luÃ´n má»¡ cá»¯a chÃ o_Ä‘Ã³n báº¡n ...
413,Hay quÃ¡ ğŸ˜ ğŸ˜ ğŸ˜ ğŸ˜ ğŸ˜ ğŸ˜ ğŸ˜ ğŸ˜ ğŸ˜ ğŸ˜ ğŸ˜ ğŸ˜ ğŸ˜ ğŸ˜ ğŸ˜† ğŸ˜† ğŸ˜† ğŸ˜† ğŸ˜† ğŸ˜† ğŸ˜† ğŸ˜† ğŸ˜† ğŸ˜† ğŸ˜† ğŸ˜† ğŸ˜† ğŸ˜†
414,pháº£i nÃ³i lÃ  kinh_dá»‹ tá»Ÿm . ko ra thá»ƒ_thá»‘ng cá»‘ng ráº£nh gÃ¬
415,Thua háº¿t lisadi
416,BÃ i Ä‘áº§u chÃ¡n mÃ  sao nhiá»u ngÆ°á»i khen hay ? : l
417,tháº­t_sá»± lÃ  t Ä‘Ã©o thá»ƒ hiá»ƒu ná»•i cÃ¡i loáº¡i rap kiá»ƒu gÃ¬ . nghe nhÆ° Ä‘áº¥m vÃ o tai . thá»
418,"Nghe ngang nhÆ° cua , cháº£ biáº¿t hay chá»— nÃ o ._BÃ i Ä‘áº§u_tiÃªn áº¥y ğŸ˜"
419,nháº¡c xÃ m
420,Nghe nÃ y chÃ¡n tháº­t_sá»± ko hay ğŸ˜© ğŸ˜© ğŸ˜© ğŸ˜©
